-- --------------------------------------------------------
-- Hôte:                         127.0.0.1
-- Version du serveur:           10.6.4-MariaDB - mariadb.org binary distribution
-- SE du serveur:                Win64
-- HeidiSQL Version:             11.3.0.6295
-- --------------------------------------------------------

/*!40101 SET @OLD_CHARACTER_SET_CLIENT=@@CHARACTER_SET_CLIENT */;
/*!40101 SET NAMES utf8 */;
/*!50503 SET NAMES utf8mb4 */;
/*!40014 SET @OLD_FOREIGN_KEY_CHECKS=@@FOREIGN_KEY_CHECKS, FOREIGN_KEY_CHECKS=0 */;
/*!40101 SET @OLD_SQL_MODE=@@SQL_MODE, SQL_MODE='NO_AUTO_VALUE_ON_ZERO' */;
/*!40111 SET @OLD_SQL_NOTES=@@SQL_NOTES, SQL_NOTES=0 */;

-- Listage des données de la table openfoodfacts.additif : ~52 rows (environ)
DELETE FROM `additif`;
/*!40000 ALTER TABLE `additif` DISABLE KEYS */;
INSERT INTO `additif` (`id`, `nom`) VALUES
	(1, 'Eii - carbonate acide de sodium'),
	(2, 'E - carbonates de sodium'),
	(3, 'E - argent'),
	(4, 'Eb - sels de magnesium dacides gras'),
	(5, 'Ei - sorbitol'),
	(6, 'E - sorbitol'),
	(7, 'E - monostearate de sorbitane'),
	(8, 'E - agar-agar'),
	(9, 'E - sorbate de potassium'),
	(10, 'E - pectines'),
	(11, 'Ec - extrait de paprika'),
	(12, 'E - acide citrique'),
	(13, 'E - alginate de sodium'),
	(14, 'Exx - amidons modifies'),
	(15, 'E - adipate de diamidon acetyle'),
	(16, 'Ea - caramel ea'),
	(17, 'E - mono- et diglycerides dacides gras alimentaires'),
	(18, 'Ea - butane'),
	(19, 'Ei - lecithine'),
	(20, 'E - lecithines'),
	(21, 'E - propane'),
	(22, 'E - carboxymethylcellulose'),
	(23, 'E - tartrates de potassium'),
	(24, 'Ei - tartrate monopotassique'),
	(25, 'E - carraghenanes'),
	(26, 'Eb - luteine'),
	(27, 'E - anthocyanes'),
	(28, 'E - gomme xanthane'),
	(29, 'E - phosphates de calcium'),
	(30, 'E - gomme de guar'),
	(31, 'Ei - pectine'),
	(32, 'E - sels metalliques de diphosphates'),
	(33, 'Ei - pyrophosphate de sodium acide'),
	(34, 'Eiii - phosphate tricalcique'),
	(35, 'E - citrates de sodium'),
	(36, 'Eiii - citrate trisodique'),
	(37, 'E - glycerol'),
	(38, 'E - rouge allura ac'),
	(39, 'Eb - talc'),
	(40, 'E - azorubine carmoisine'),
	(41, 'E - paraffine'),
	(42, 'E - ponceau r'),
	(43, 'Ea - beta-carotene'),
	(44, 'Eai - beta-carotene'),
	(45, 'E - ethanol'),
	(46, 'E - l-cysteine et ses chlorhydrates'),
	(47, 'E - carotenoïdes'),
	(48, 'E - extrait riche en tocopherols'),
	(49, 'E - gomme dacacia'),
	(50, 'E - acide ascorbique'),
	(51, 'E - anhydride sulfureux'),
	(52, 'E - methylcellulose');
/*!40000 ALTER TABLE `additif` ENABLE KEYS */;

-- Listage des données de la table openfoodfacts.additif_in_produit : ~136 rows (environ)
DELETE FROM `additif_in_produit`;
/*!40000 ALTER TABLE `additif_in_produit` DISABLE KEYS */;
INSERT INTO `additif_in_produit` (`id_produit`, `id_additif`) VALUES
	(1, 1),
	(1, 2),
	(2, 3),
	(3, 4),
	(3, 5),
	(3, 6),
	(5, 7),
	(7, 8),
	(9, 9),
	(9, 10),
	(9, 11),
	(9, 12),
	(9, 13),
	(10, 14),
	(11, 8),
	(12, 12),
	(12, 14),
	(12, 15),
	(12, 16),
	(12, 17),
	(13, 18),
	(13, 19),
	(13, 20),
	(13, 21),
	(14, 9),
	(14, 13),
	(14, 22),
	(16, 14),
	(17, 1),
	(17, 2),
	(17, 23),
	(17, 24),
	(21, 25),
	(23, 12),
	(23, 26),
	(24, 9),
	(24, 12),
	(24, 14),
	(24, 25),
	(24, 27),
	(25, 19),
	(25, 20),
	(26, 10),
	(26, 12),
	(26, 25),
	(26, 28),
	(26, 29),
	(26, 30),
	(26, 31),
	(26, 32),
	(26, 33),
	(26, 34),
	(27, 12),
	(27, 28),
	(27, 30),
	(29, 14),
	(29, 25),
	(30, 14),
	(31, 14),
	(31, 17),
	(31, 35),
	(31, 36),
	(37, 10),
	(37, 31),
	(37, 37),
	(38, 10),
	(38, 12),
	(38, 31),
	(38, 37),
	(39, 10),
	(39, 12),
	(39, 31),
	(39, 37),
	(40, 10),
	(40, 12),
	(40, 31),
	(40, 37),
	(41, 10),
	(41, 12),
	(41, 31),
	(41, 37),
	(45, 10),
	(45, 12),
	(45, 31),
	(47, 19),
	(47, 20),
	(47, 25),
	(47, 28),
	(54, 38),
	(54, 39),
	(54, 40),
	(54, 41),
	(54, 42),
	(57, 43),
	(57, 44),
	(57, 45),
	(57, 46),
	(59, 45),
	(59, 47),
	(60, 28),
	(67, 20),
	(67, 28),
	(67, 30),
	(67, 48),
	(70, 19),
	(70, 20),
	(70, 28),
	(70, 30),
	(71, 49),
	(73, 20),
	(73, 28),
	(73, 30),
	(73, 48),
	(74, 9),
	(74, 50),
	(75, 19),
	(75, 20),
	(76, 19),
	(76, 20),
	(77, 19),
	(77, 20),
	(81, 9),
	(81, 12),
	(82, 12),
	(82, 51),
	(85, 45),
	(85, 46),
	(85, 47),
	(87, 12),
	(87, 50),
	(89, 10),
	(89, 12),
	(97, 45),
	(99, 52),
	(100, 14),
	(100, 52);
/*!40000 ALTER TABLE `additif_in_produit` ENABLE KEYS */;

-- Listage des données de la table openfoodfacts.add_in_produit : ~0 rows (environ)
DELETE FROM `add_in_produit`;
/*!40000 ALTER TABLE `add_in_produit` DISABLE KEYS */;
/*!40000 ALTER TABLE `add_in_produit` ENABLE KEYS */;

-- Listage des données de la table openfoodfacts.allergene : ~25 rows (environ)
DELETE FROM `allergene`;
/*!40000 ALTER TABLE `allergene` DISABLE KEYS */;
INSERT INTO `allergene` (`id`, `nom`) VALUES
	(1, 'Lait'),
	(2, 'Orge'),
	(3, 'Milk'),
	(4, 'Sulphur-dioxide-and-sulphites'),
	(5, 'En'),
	(6, 'Gluten'),
	(7, 'Ble'),
	(8, 'Œuf'),
	(9, 'Amandes'),
	(10, 'Nuts'),
	(11, 'Soybeans'),
	(12, 'Amande'),
	(13, 'Soja'),
	(14, 'Arachide'),
	(15, 'Boulgour'),
	(16, 'Moutarde'),
	(17, 'Epeautre'),
	(18, 'Sesame-seeds'),
	(19, 'Anhydride sulfureux'),
	(20, 'Sulfites'),
	(21, 'Eggs'),
	(22, 'Molluscs'),
	(23, 'Fish'),
	(24, 'Crustaceans'),
	(25, 'Mustard');
/*!40000 ALTER TABLE `allergene` ENABLE KEYS */;

-- Listage des données de la table openfoodfacts.allergene_in_produit : ~65 rows (environ)
DELETE FROM `allergene_in_produit`;
/*!40000 ALTER TABLE `allergene_in_produit` DISABLE KEYS */;
INSERT INTO `allergene_in_produit` (`id_produit`, `id_allergene`) VALUES
	(4, 1),
	(6, 2),
	(12, 1),
	(12, 3),
	(14, 4),
	(14, 5),
	(17, 5),
	(17, 6),
	(19, 7),
	(19, 8),
	(22, 7),
	(22, 9),
	(25, 3),
	(25, 5),
	(25, 10),
	(25, 11),
	(28, 7),
	(28, 12),
	(33, 7),
	(34, 7),
	(34, 13),
	(35, 14),
	(36, 7),
	(47, 5),
	(47, 11),
	(54, 12),
	(57, 7),
	(59, 7),
	(60, 7),
	(60, 15),
	(60, 16),
	(61, 7),
	(67, 5),
	(67, 11),
	(68, 2),
	(68, 17),
	(69, 7),
	(73, 13),
	(75, 5),
	(75, 6),
	(75, 18),
	(82, 19),
	(82, 20),
	(83, 7),
	(85, 5),
	(85, 6),
	(88, 7),
	(97, 5),
	(97, 6),
	(99, 3),
	(99, 5),
	(99, 6),
	(99, 11),
	(99, 21),
	(99, 22),
	(99, 23),
	(100, 3),
	(100, 5),
	(100, 6),
	(100, 11),
	(100, 21),
	(100, 22),
	(100, 23),
	(100, 24),
	(100, 25);
/*!40000 ALTER TABLE `allergene_in_produit` ENABLE KEYS */;

-- Listage des données de la table openfoodfacts.categorie : ~4 rows (environ)
DELETE FROM `categorie`;
/*!40000 ALTER TABLE `categorie` DISABLE KEYS */;
INSERT INTO `categorie` (`id`, `nom`) VALUES
	(1, 'Additifs alimentaires'),
	(2, 'Aides culinaires'),
	(3, 'Aliment-pour-enfant'),
	(4, 'Aliments et boissons à base de végétaux');
/*!40000 ALTER TABLE `categorie` ENABLE KEYS */;

-- Listage des données de la table openfoodfacts.ingredient : ~355 rows (environ)
DELETE FROM `ingredient`;
/*!40000 ALTER TABLE `ingredient` DISABLE KEYS */;
INSERT INTO `ingredient` (`id`, `nom`) VALUES
	(1, 'Bicarbonate de sodium'),
	(2, 'Minimum'),
	(3, 'Sucre'),
	(4, 'Colorant'),
	(5, 'Sirop de glucose'),
	(6, 'Arôme'),
	(7, 'Argent'),
	(8, 'Amidon de riz et de maïs'),
	(9, 'Agent de charge'),
	(10, 'Vitamines'),
	(11, 'Anti-agglomerant'),
	(12, 'Sels de magnesium dacides gras'),
	(13, 'B b b b b b b b'),
	(14, 'Levure de biere'),
	(15, 'Sorbitol'),
	(16, 'Lait ecreme en poudre'),
	(17, 'Arôme naturel de vanille'),
	(18, 'Emulsifiant'),
	(19, 'Levure seche dite de boulanger'),
	(20, 'Monostearate'),
	(21, 'Malt dorge'),
	(22, 'Agar-agar'),
	(23, 'Caramel'),
	(24, 'Eau'),
	(25, 'Gelifiants'),
	(26, 'Ec'),
	(27, 'E e acidifiant'),
	(28, 'E extrait de sureau'),
	(29, 'Conservateur'),
	(30, 'E colorant'),
	(31, 'Puree de fruits'),
	(32, 'Sirop de glucose-fructose'),
	(33, 'Amidon modifie'),
	(34, 'Amidon de maïs'),
	(35, 'Sucre de canne roux'),
	(36, 'Extrait de vanille'),
	(37, 'Agar agar ingredients agricoles issus de agriculture biologique'),
	(38, 'Sugar'),
	(39, 'Salted modified starch'),
	(40, 'Citric acid   -fr - ingredients'),
	(41, 'See below - to be stored in a clean'),
	(42, 'Flavour'),
	(43, 'Glucose syrup'),
	(44, 'Salt'),
	(45, 'Dry and cool placeopening fr'),
	(46, 'Lait ecreme condense sucre'),
	(47, 'Mono et diglycerides dacide gras'),
	(48, 'Mono and diglycerides of fatty acids'),
	(49, 'Colouring'),
	(50, 'Preservative'),
	(51, 'Water'),
	(52, 'Acide citrique caramel min  en production date and best before date'),
	(53, 'Acidifier'),
	(54, 'Sel'),
	(55, 'Acidifiant'),
	(56, 'Date de production et a consommer de preference avant le'),
	(57, 'Voir ci-dessous - a conserver dans un endroit propre'),
	(58, 'Caramel ordinaire'),
	(59, 'Et -a consommer de preference  semaines apres ouverture yf±jfiifi pd clfl'),
	(60, 'Emulsifier'),
	(61, 'Ordinary caramel'),
	(62, 'Sweetened condensed skim milk'),
	(63, 'Gaz propulseur'),
	(64, 'Huile de colza'),
	(65, 'Lecithine de soja'),
	(66, 'Butanepropane'),
	(67, 'Alginate de sodium'),
	(68, 'Gomme de cellulose'),
	(69, 'Chlorure de calcium'),
	(70, 'Epaississant'),
	(71, 'Sorbate de potassium'),
	(72, 'Preparation a base de porto rouge'),
	(73, 'Sucre de canne'),
	(74, 'Fibre de chicoree'),
	(75, 'Poudre de konjac'),
	(76, 'Arômes de fumee'),
	(77, 'Huile de tournesol'),
	(78, 'Extrait naturel de vinaigre'),
	(79, 'Vinaigre de xeres'),
	(80, 'Arômes'),
	(81, 'Arômes naturels'),
	(82, 'Tomate'),
	(83, 'Sucres'),
	(84, 'Epices et plantes aromatiques'),
	(85, 'Graisse vegetale'),
	(86, 'Sauce piquante'),
	(87, 'Amidon de ble'),
	(88, 'Tartrate monopotassique'),
	(89, 'Orge'),
	(90, 'Levure boulangere'),
	(91, 'Œuf en poudre'),
	(92, 'Sucre de canne blond'),
	(93, 'Sel de guerande'),
	(94, 'Farine de ble'),
	(95, 'Puree dananas'),
	(96, 'Creme de coco'),
	(97, 'Dextrose'),
	(98, 'Gelifiant'),
	(99, 'Amidon'),
	(100, 'Carraghenanes'),
	(101, 'Amandes en poudre'),
	(102, 'Farine specifique de ble'),
	(103, 'Arôme naturel'),
	(104, 'Beurre de cacao'),
	(105, 'Jus concentre de sureau traces eventuelles de cereales contenant du gluten'),
	(106, 'De lait et de soja'),
	(107, 'Luteine'),
	(108, 'Acide citrique'),
	(109, 'Regulateur dacidite'),
	(110, 'Anthocyanes'),
	(111, 'Sorbate de potassium traces eventuelles de lait'),
	(112, 'Amidon transforme de maïs'),
	(113, 'Fruits a coque et de soja'),
	(114, 'Pâte de noisette'),
	(115, 'Huile de palme'),
	(116, 'Poudre de lactoserum'),
	(117, 'Cacao maigre en poudre'),
	(118, 'Epaississants'),
	(119, 'Gomme xanthane'),
	(120, 'Gomme guar'),
	(121, 'Pectine'),
	(122, 'Correcteur dacidite'),
	(123, 'Amande en poudre'),
	(124, 'Sucre glace'),
	(125, 'Pralin'),
	(126, 'Œuf entier en poudre'),
	(127, 'Noisette en poudre torrefiee'),
	(128, 'Amidon modifie de maïs'),
	(129, 'Poudre de cacao maigre'),
	(130, 'Chocolat'),
	(131, 'E arômes'),
	(132, 'Citrate trisodique'),
	(133, 'Farine de riz'),
	(134, 'Poudre de banane'),
	(135, 'Sucre de canne roux clair'),
	(136, 'Germe de ble ingredient dorigine agricole issu de lagriculture biologique'),
	(137, 'Arôme naturel de pomme'),
	(138, 'Arôme abricot'),
	(139, 'Germe de ble'),
	(140, 'Fibres de chicoree'),
	(141, 'Fibres de pomme'),
	(142, 'Soja'),
	(143, 'Arachide'),
	(144, 'Semoule de ble dur de qualite superieure issu de lagriculture biologique'),
	(145, 'Sirop de glucose de ble'),
	(146, 'B b et b'),
	(147, 'Poudre dacerola'),
	(148, 'Pulpe de fruits'),
	(149, 'Stabilisant'),
	(150, 'Arôme naturel de cassis'),
	(151, 'Maltodextrine'),
	(152, 'Glycerol'),
	(153, 'Vitamines b b et b'),
	(154, 'Arôme naturel de poire'),
	(155, 'Pulpe de poire william'),
	(156, 'Huile essentielle de citron'),
	(157, 'Huile essentielle dorange'),
	(158, 'Arôme naturel de fraise'),
	(159, 'Arôme naturel de canneberge'),
	(160, 'Ingredient betterave rouge'),
	(161, 'Haricots rouges'),
	(162, 'Puree de tomates'),
	(163, 'Abricot'),
	(164, 'Poire'),
	(165, 'Pulpes de fruits'),
	(166, 'Mûre'),
	(167, 'Peche'),
	(168, 'Pectine de fruits'),
	(169, 'Framboise'),
	(170, 'Fraise'),
	(171, 'De laitue rouge'),
	(172, 'Jeunes pousses de laitue verte'),
	(173, 'Depinard'),
	(174, 'Jus de soja'),
	(175, 'Puree de tomates de provence'),
	(176, 'Sel de camargue'),
	(177, 'Mogette de vendee label rouge igp'),
	(178, 'Quinoa blanc du perou'),
	(179, 'Maïs'),
	(180, 'Quinoa - issu de lagriculture biologique'),
	(181, 'Lentilles verte du puy'),
	(182, 'Vanilline'),
	(183, 'Huile blanche'),
	(184, 'E e e agents denrobage'),
	(185, 'Amande'),
	(186, 'Paraffine et talc'),
	(187, 'Colorants'),
	(188, 'Coeur de laitue'),
	(189, 'Alcool ethylique'),
	(190, 'Agent de traitement de la farine'),
	(191, 'L-cysteine'),
	(192, 'Beta-carotene'),
	(193, 'Graisses et huiles vegetales'),
	(194, 'Jus de citron concentre'),
	(195, 'Cœur de frisee'),
	(196, 'Mâche'),
	(197, 'Chicoree rouge'),
	(198, 'Matiere grasse vegetale'),
	(199, 'Vinaigre dalcool'),
	(200, 'Poivre blanc'),
	(201, 'Persil'),
	(202, 'Boulgour fin cuit'),
	(203, 'Courgettes  cranberries'),
	(204, 'Moutarde de dijon'),
	(205, 'Menthe'),
	(206, 'Sucre blond'),
	(207, 'Boulgour de ble dur precuit issu de lagriculture biologique'),
	(208, 'Lentilles vertes'),
	(209, 'Sel de guerande  ingredient issu de lagriculture'),
	(210, 'Graines de courge issues de lagriculture biologique'),
	(211, 'Pois chiches issus de lagriculture biologique'),
	(212, 'De sesame'),
	(213, 'Ingredienw quinoa issu de lagriculture biologique risques de traces de gluten'),
	(214, 'De fruits a coques'),
	(215, 'De lait et doeuf'),
	(216, 'Gruau davoine precuit'),
	(217, 'Farine complete de riz'),
	(218, 'Petits legumes'),
	(219, 'Huile dolive'),
	(220, 'Riz rond complet precuit'),
	(221, 'Bouillon de legumes'),
	(222, 'Sirop de ble'),
	(223, 'Sel marin'),
	(224, 'Tonyu'),
	(225, 'Extrait riche en tocopherols pourcentage exprime sur produit fini ingredients biologiques'),
	(226, 'Antioxydant'),
	(227, 'Emulsifiant lecithinesepaississants gomme guar'),
	(228, 'Lentilles rouges decortiquees'),
	(229, 'Pois casses precuits'),
	(230, 'Orge precuit'),
	(231, 'Epeautre precuit'),
	(232, 'Lentilles vertes decortiquees precuites'),
	(233, 'Riz long complet rouge'),
	(234, 'Riz long basmati'),
	(235, 'Lin dore'),
	(236, 'Ble dur precuit'),
	(237, 'Arôme naturel de noix de muscade'),
	(238, 'Lecithine de tournesol'),
	(239, 'Noix de muscade'),
	(240, 'Arôme naturel de poivre'),
	(241, 'Gomme guar et gomme xanthane'),
	(242, 'Huile de tournesol oleique'),
	(243, 'Riz complet'),
	(244, 'Patates douces'),
	(245, 'Oignons'),
	(246, 'Gomme arabique'),
	(247, 'Epices'),
	(248, 'Coriandre'),
	(249, 'Noix de coco râpee'),
	(250, 'Creme de riz'),
	(251, 'Son davoine'),
	(252, 'Flocons de sarrasin complet'),
	(253, 'Flocons davoine complet'),
	(254, 'Flocons de riz complet'),
	(255, 'Lecithines'),
	(256, 'Extrait riche en tocopherols'),
	(257, 'Stabilisants'),
	(258, 'E antioxydant'),
	(259, 'Plantes aromatiques'),
	(260, 'Tomates mi-sechees'),
	(261, 'Ail'),
	(262, 'Huiles vegetales'),
	(263, 'E'),
	(264, 'Melange de cereales'),
	(265, 'Issu de lagriculture biologique'),
	(266, 'Riz de camargue complet'),
	(267, 'Sesame complet'),
	(268, 'Riz de camargue semi complet'),
	(269, 'Sel de mer'),
	(270, 'Riz complet  et semi complet de camargue'),
	(271, 'Riz complet bio de camargue'),
	(272, 'Riz semi complet bio de camargue'),
	(273, 'Arôme naturel de vanille  ingredients agricoles issus de lagriculture biologique'),
	(274, 'Poudre de sirop de riz'),
	(275, 'Pâte de noisettes'),
	(276, 'Poudre de cacao'),
	(277, 'Melange forestier seche'),
	(278, 'E acidifiant'),
	(279, 'Melange de  fruits en proportion variable'),
	(280, 'Sirop de glucosefructose-saccharose'),
	(281, 'E conservateur'),
	(282, 'Saccharose'),
	(283, 'Anhydride sulfureux'),
	(284, 'Ecorces de citron'),
	(285, 'Semoule complete de ble dur'),
	(286, 'Pois casses verts'),
	(287, 'Carotenoïdes'),
	(288, 'Graisses vegetales'),
	(289, 'Semoule de ble dur de qualite superieure'),
	(290, 'Pousses de bambou'),
	(291, 'Acide ascorbique'),
	(292, 'Pousses de haricot mungo'),
	(293, 'Epis de maïs coupes'),
	(294, 'Contient du gluten'),
	(295, 'Pectines'),
	(296, 'Arômes naturels de fruitsavec autres arômes naturels  pourcentage mis en œuvre pour chaque parfum'),
	(297, 'Legumes'),
	(298, 'Haricots lingots blancs'),
	(299, 'Oignon'),
	(300, 'Semoule de ble dur precuite'),
	(301, 'Extrait de levure'),
	(302, 'Poivron rouge'),
	(303, 'Lentilles vertes precuites'),
	(304, 'Quinoa blond issu de lagriculture biologique'),
	(305, 'Marrons bio'),
	(306, 'Sucre de canne bio'),
	(307, 'Gousse de vanille bio'),
	(308, 'Sirop de glucose-fructose bio'),
	(309, 'Gluten de ble'),
	(310, 'Vinaigre de cidre'),
	(311, 'Levure'),
	(312, 'Margarine vegetale'),
	(313, 'Marrons'),
	(314, 'Gousse de vanille'),
	(315, 'Cognac'),
	(316, 'Oignons prefrits'),
	(317, 'Champignons noirs blanchis'),
	(318, 'Carottes oranges'),
	(319, 'Methylcellulose'),
	(320, 'Curcuma'),
	(321, 'Citronnelle'),
	(322, 'Œufs et poissons'),
	(323, 'Carottes jaunes'),
	(324, 'Lait'),
	(325, 'Proteines de ble deshydratees'),
	(326, 'Sauce soja'),
	(327, 'Chapelure'),
	(328, 'Huiles de tournesol et de colza  fabrique dans un atelier utilisant'),
	(329, 'Celeri'),
	(330, 'Fibres de ble'),
	(331, 'Mollusques'),
	(332, 'Fibres de psyllium'),
	(333, 'Gingembre en poudre   huile de friture'),
	(334, 'Basilic'),
	(335, 'Sauce tomate'),
	(336, 'Puree de tomate double concentree'),
	(337, 'Huiles de tournesol et de colza fabrique dans un atelier utilisant'),
	(338, 'Mollusques et moutarde'),
	(339, 'Amidon modifie de pomme de terre'),
	(340, 'Gluten'),
	(341, 'Poissons'),
	(342, 'Crustaces'),
	(343, 'Œufs'),
	(344, 'Proteines de soja deshydratees'),
	(345, 'Cubes de tomate'),
	(346, 'Origan huile de friture'),
	(347, 'Cumin en poudre'),
	(348, 'Sel marin non rafine'),
	(349, 'Poivre noir  ingredients issus de lagriculture biologique'),
	(350, 'Huile dolive vierge extra'),
	(351, 'Quinoa blond'),
	(352, 'Courgette'),
	(353, 'Carotte'),
	(354, 'Lentilles corail'),
	(355, 'Lentilles vertes traces de gluten');
/*!40000 ALTER TABLE `ingredient` ENABLE KEYS */;

-- Listage des données de la table openfoodfacts.ingredient_in_produit : ~617 rows (environ)
DELETE FROM `ingredient_in_produit`;
/*!40000 ALTER TABLE `ingredient_in_produit` DISABLE KEYS */;
INSERT INTO `ingredient_in_produit` (`id_produit`, `id_ingredient`) VALUES
	(1, 1),
	(1, 2),
	(2, 3),
	(2, 4),
	(2, 5),
	(2, 6),
	(2, 7),
	(2, 8),
	(3, 9),
	(3, 10),
	(3, 11),
	(3, 12),
	(3, 13),
	(3, 14),
	(3, 15),
	(4, 3),
	(4, 16),
	(4, 17),
	(5, 18),
	(5, 19),
	(5, 20),
	(6, 14),
	(6, 21),
	(7, 22),
	(8, 5),
	(8, 17),
	(8, 23),
	(8, 24),
	(9, 3),
	(9, 6),
	(9, 24),
	(9, 25),
	(9, 26),
	(9, 27),
	(9, 28),
	(9, 29),
	(9, 30),
	(9, 31),
	(9, 32),
	(10, 3),
	(10, 33),
	(11, 34),
	(11, 35),
	(11, 36),
	(11, 37),
	(12, 3),
	(12, 4),
	(12, 5),
	(12, 6),
	(12, 18),
	(12, 24),
	(12, 29),
	(12, 33),
	(12, 38),
	(12, 39),
	(12, 40),
	(12, 41),
	(12, 42),
	(12, 43),
	(12, 44),
	(12, 45),
	(12, 46),
	(12, 47),
	(12, 48),
	(12, 49),
	(12, 50),
	(12, 51),
	(12, 52),
	(12, 53),
	(12, 54),
	(12, 55),
	(12, 56),
	(12, 57),
	(12, 58),
	(12, 59),
	(12, 60),
	(12, 61),
	(12, 62),
	(13, 18),
	(13, 63),
	(13, 64),
	(13, 65),
	(13, 66),
	(14, 24),
	(14, 25),
	(14, 29),
	(14, 67),
	(14, 68),
	(14, 69),
	(14, 70),
	(14, 71),
	(14, 72),
	(14, 73),
	(15, 74),
	(15, 75),
	(16, 23),
	(16, 54),
	(16, 76),
	(16, 77),
	(16, 78),
	(16, 79),
	(16, 80),
	(16, 81),
	(16, 82),
	(16, 83),
	(16, 84),
	(16, 85),
	(16, 86),
	(17, 1),
	(17, 87),
	(17, 88),
	(18, 89),
	(19, 90),
	(19, 91),
	(19, 92),
	(19, 93),
	(19, 94),
	(20, 3),
	(20, 24),
	(20, 95),
	(20, 96),
	(21, 6),
	(21, 97),
	(21, 98),
	(21, 99),
	(21, 100),
	(22, 101),
	(22, 102),
	(22, 103),
	(23, 3),
	(23, 4),
	(23, 5),
	(23, 103),
	(23, 104),
	(23, 105),
	(23, 106),
	(23, 107),
	(23, 108),
	(23, 109),
	(24, 3),
	(24, 4),
	(24, 5),
	(24, 24),
	(24, 29),
	(24, 54),
	(24, 55),
	(24, 70),
	(24, 100),
	(24, 108),
	(24, 110),
	(24, 111),
	(24, 112),
	(24, 113),
	(25, 3),
	(25, 18),
	(25, 36),
	(25, 65),
	(25, 114),
	(25, 115),
	(25, 116),
	(25, 117),
	(26, 23),
	(26, 55),
	(26, 97),
	(26, 98),
	(26, 100),
	(26, 108),
	(26, 118),
	(26, 119),
	(26, 120),
	(26, 121),
	(27, 3),
	(27, 108),
	(27, 118),
	(27, 119),
	(27, 120),
	(27, 122),
	(28, 123),
	(28, 124),
	(29, 3),
	(29, 6),
	(29, 33),
	(29, 98),
	(29, 100),
	(30, 3),
	(30, 16),
	(30, 101),
	(30, 125),
	(30, 126),
	(30, 127),
	(30, 128),
	(31, 18),
	(31, 24),
	(31, 32),
	(31, 33),
	(31, 54),
	(31, 122),
	(31, 129),
	(31, 130),
	(31, 131),
	(31, 132),
	(32, 133),
	(32, 134),
	(32, 135),
	(33, 136),
	(34, 137),
	(34, 138),
	(34, 139),
	(34, 140),
	(34, 141),
	(34, 142),
	(35, 3),
	(35, 143),
	(36, 144),
	(37, 3),
	(37, 10),
	(37, 98),
	(37, 121),
	(37, 145),
	(37, 146),
	(37, 147),
	(37, 148),
	(37, 149),
	(37, 150),
	(37, 151),
	(37, 152),
	(38, 3),
	(38, 55),
	(38, 98),
	(38, 108),
	(38, 121),
	(38, 145),
	(38, 147),
	(38, 148),
	(38, 149),
	(38, 150),
	(38, 151),
	(38, 152),
	(38, 153),
	(39, 3),
	(39, 55),
	(39, 98),
	(39, 108),
	(39, 121),
	(39, 145),
	(39, 147),
	(39, 149),
	(39, 151),
	(39, 152),
	(39, 153),
	(39, 154),
	(39, 155),
	(40, 3),
	(40, 55),
	(40, 98),
	(40, 108),
	(40, 121),
	(40, 145),
	(40, 147),
	(40, 148),
	(40, 149),
	(40, 151),
	(40, 152),
	(40, 153),
	(40, 156),
	(40, 157),
	(41, 3),
	(41, 55),
	(41, 98),
	(41, 108),
	(41, 121),
	(41, 145),
	(41, 147),
	(41, 148),
	(41, 149),
	(41, 151),
	(41, 152),
	(41, 153),
	(41, 158),
	(41, 159),
	(42, 160),
	(43, 161),
	(44, 162),
	(45, 3),
	(45, 5),
	(45, 55),
	(45, 80),
	(45, 98),
	(45, 108),
	(45, 163),
	(45, 164),
	(45, 165),
	(45, 166),
	(45, 167),
	(45, 168),
	(45, 169),
	(45, 170),
	(46, 171),
	(46, 172),
	(46, 173),
	(47, 3),
	(47, 18),
	(47, 65),
	(47, 77),
	(47, 100),
	(47, 118),
	(47, 119),
	(47, 174),
	(48, 175),
	(48, 176),
	(49, 177),
	(50, 178),
	(51, 179),
	(52, 180),
	(53, 181),
	(54, 3),
	(54, 5),
	(54, 24),
	(54, 182),
	(54, 183),
	(54, 184),
	(54, 185),
	(54, 186),
	(54, 187),
	(55, 188),
	(56, 54),
	(56, 162),
	(57, 3),
	(57, 4),
	(57, 24),
	(57, 54),
	(57, 94),
	(57, 189),
	(57, 190),
	(57, 191),
	(57, 192),
	(57, 193),
	(57, 194),
	(58, 195),
	(58, 196),
	(58, 197),
	(59, 3),
	(59, 24),
	(59, 54),
	(59, 94),
	(59, 189),
	(59, 194),
	(59, 198),
	(60, 24),
	(60, 54),
	(60, 70),
	(60, 77),
	(60, 119),
	(60, 194),
	(60, 199),
	(60, 200),
	(60, 201),
	(60, 202),
	(60, 203),
	(60, 204),
	(60, 205),
	(60, 206),
	(61, 207),
	(62, 24),
	(62, 208),
	(62, 209),
	(63, 210),
	(64, 211),
	(65, 212),
	(65, 213),
	(65, 214),
	(65, 215),
	(66, 24),
	(66, 216),
	(66, 217),
	(66, 218),
	(66, 219),
	(66, 220),
	(66, 221),
	(67, 64),
	(67, 77),
	(67, 81),
	(67, 119),
	(67, 222),
	(67, 223),
	(67, 224),
	(67, 225),
	(67, 226),
	(67, 227),
	(68, 228),
	(68, 229),
	(68, 230),
	(68, 231),
	(68, 232),
	(69, 228),
	(69, 233),
	(69, 234),
	(69, 235),
	(69, 236),
	(70, 18),
	(70, 87),
	(70, 94),
	(70, 118),
	(70, 223),
	(70, 224),
	(70, 237),
	(70, 238),
	(70, 239),
	(70, 240),
	(70, 241),
	(70, 242),
	(71, 24),
	(71, 70),
	(71, 77),
	(71, 142),
	(71, 223),
	(71, 243),
	(71, 244),
	(71, 245),
	(71, 246),
	(71, 247),
	(71, 248),
	(71, 249),
	(71, 250),
	(72, 251),
	(72, 252),
	(72, 253),
	(72, 254),
	(73, 18),
	(73, 64),
	(73, 77),
	(73, 81),
	(73, 222),
	(73, 223),
	(73, 224),
	(73, 226),
	(73, 241),
	(73, 255),
	(73, 256),
	(73, 257),
	(74, 3),
	(74, 29),
	(74, 54),
	(74, 258),
	(74, 259),
	(74, 260),
	(74, 261),
	(74, 262),
	(74, 263),
	(75, 18),
	(75, 238),
	(75, 264),
	(75, 265),
	(75, 266),
	(75, 267),
	(75, 268),
	(75, 269),
	(76, 18),
	(76, 238),
	(76, 270),
	(77, 18),
	(77, 269),
	(77, 271),
	(77, 272),
	(78, 73),
	(78, 115),
	(78, 223),
	(78, 243),
	(78, 273),
	(78, 274),
	(78, 275),
	(78, 276),
	(79, 208),
	(80, 277),
	(81, 24),
	(81, 29),
	(81, 263),
	(81, 278),
	(81, 279),
	(81, 280),
	(82, 32),
	(82, 122),
	(82, 281),
	(82, 282),
	(82, 283),
	(82, 284),
	(83, 285),
	(84, 286),
	(85, 4),
	(85, 24),
	(85, 54),
	(85, 94),
	(85, 189),
	(85, 190),
	(85, 191),
	(85, 194),
	(85, 287),
	(85, 288),
	(86, 289),
	(87, 3),
	(87, 24),
	(87, 54),
	(87, 199),
	(87, 226),
	(87, 290),
	(87, 291),
	(87, 292),
	(87, 293),
	(88, 294),
	(89, 3),
	(89, 5),
	(89, 55),
	(89, 98),
	(89, 108),
	(89, 163),
	(89, 164),
	(89, 165),
	(89, 166),
	(89, 295),
	(89, 296),
	(90, 196),
	(91, 24),
	(91, 54),
	(91, 297),
	(92, 298),
	(93, 54),
	(93, 77),
	(93, 80),
	(93, 247),
	(93, 261),
	(93, 299),
	(93, 300),
	(93, 301),
	(93, 302),
	(94, 303),
	(95, 304),
	(96, 305),
	(96, 306),
	(96, 307),
	(96, 308),
	(97, 24),
	(97, 54),
	(97, 73),
	(97, 94),
	(97, 189),
	(97, 309),
	(97, 310),
	(97, 311),
	(97, 312),
	(98, 3),
	(98, 5),
	(98, 313),
	(98, 314),
	(98, 315),
	(99, 24),
	(99, 54),
	(99, 64),
	(99, 70),
	(99, 94),
	(99, 199),
	(99, 248),
	(99, 261),
	(99, 316),
	(99, 317),
	(99, 318),
	(99, 319),
	(99, 320),
	(99, 321),
	(99, 322),
	(99, 323),
	(99, 324),
	(99, 325),
	(99, 326),
	(99, 327),
	(99, 328),
	(99, 329),
	(99, 330),
	(99, 331),
	(99, 332),
	(99, 333),
	(100, 3),
	(100, 24),
	(100, 54),
	(100, 70),
	(100, 77),
	(100, 199),
	(100, 299),
	(100, 319),
	(100, 324),
	(100, 329),
	(100, 334),
	(100, 335),
	(100, 336),
	(100, 337),
	(100, 338),
	(100, 339),
	(100, 340),
	(100, 341),
	(100, 342),
	(100, 343),
	(100, 344),
	(100, 345),
	(100, 346),
	(101, 24),
	(101, 201),
	(101, 261),
	(101, 299),
	(101, 336),
	(101, 347),
	(101, 348),
	(101, 349),
	(101, 350),
	(101, 351),
	(101, 352),
	(101, 353),
	(102, 354),
	(103, 355);
/*!40000 ALTER TABLE `ingredient_in_produit` ENABLE KEYS */;

-- Listage des données de la table openfoodfacts.marque : ~50 rows (environ)
DELETE FROM `marque`;
/*!40000 ALTER TABLE `marque` DISABLE KEYS */;
INSERT INTO `marque` (`id`, `nom`) VALUES
	(1, 'La Droguerie Écologique'),
	(2, 'La Patelière'),
	(3, 'Laboratoires Vitarmonyl'),
	(4, 'Lagrange'),
	(5, 'Lesaffre'),
	(6, 'Moulin des Moines,Naturaline'),
	(7, 'Priméal'),
	(8, 'U'),
	(9, 'Artisans & Talents'),
	(10, 'Dr. Oetker,Ancel'),
	(11, 'France Délices'),
	(12, 'Giffard'),
	(13, 'Idéal,Uni'),
	(14, 'Jean Larnaudie'),
	(15, 'Karéléa,Léa Nature'),
	(16, 'La Bovida'),
	(17, 'La vie claire'),
	(18, 'Minoterie Prunault'),
	(19, 'Picard'),
	(20, 'Sainte Lucie'),
	(21, 'Vahiné'),
	(22, 'Vahiné,McCormick'),
	(23, 'Good Gout'),
	(24, 'Abbaye de Sept-Fons'),
	(25, 'Agidra'),
	(26, 'Alpina'),
	(27, 'Aptonia'),
	(28, 'Auchan'),
	(29, 'Auchan bio,Auchan'),
	(30, 'Auchan,Mmm!'),
	(31, 'Auzier Chabernac'),
	(32, 'Belle France'),
	(33, 'Bio Village,Marque Repère'),
	(34, 'Biocoop'),
	(35, 'Biothentic'),
	(36, 'Bjorg'),
	(37, 'Bonduelle'),
	(38, 'Bongran'),
	(39, 'Bonneterre'),
	(40, 'Borde'),
	(41, 'Brake'),
	(42, 'Brousse Vergez'),
	(43, 'Carrefour'),
	(44, 'Carrefour Bio'),
	(45, 'Carrefour Bio,Carrefour'),
	(46, 'Carrefour Sélection,Carrefour'),
	(47, 'Carrefour Veggie,Carrefour'),
	(48, 'Carrefour bio, Carrefour'),
	(49, 'Carrefour,Carrefour Bio'),
	(50, 'Casino');
/*!40000 ALTER TABLE `marque` ENABLE KEYS */;

-- Listage des données de la table openfoodfacts.produit : ~103 rows (environ)
DELETE FROM `produit`;
/*!40000 ALTER TABLE `produit` DISABLE KEYS */;
INSERT INTO `produit` (`id`, `nom`, `betaCarotene100g`, `calcium100g`, `energie100g`, `fer100g`, `fibres100g`, `grade`, `graisse100g`, `iron100g`, `magnesium100g`, `presenceHuilePalme`, `proteines100g`, `sel100g`, `sucres100g`, `vitA100g`, `vitB1100g`, `vitB12100g`, `vitB2100g`, `vitB6100g`, `vitB9100g`, `vitC100g`, `vitD100g`, `vitE100g`, `vitK100g`, `vitPP100g`, `id_categorie`, `id_marque`) VALUES
	(1, 'Bicarbonate Soude Alimentaire', NULL, NULL, 0, NULL, NULL, 'b', 0, NULL, NULL, '0', 0, 0, 0, NULL, NULL, NULL, NULL, NULL, NULL, NULL, NULL, NULL, NULL, NULL, 1, 1),
	(2, 'Perles argentées', NULL, NULL, 1671, NULL, NULL, 'd', 0.5, NULL, NULL, '0', 0.5, 0.0001, 91.2, NULL, NULL, NULL, NULL, NULL, NULL, NULL, NULL, NULL, NULL, NULL, 1, 2),
	(3, 'Levure de bière Vitalité Beauté', NULL, NULL, 1381, NULL, 0, 'a', 3.08, NULL, NULL, '0', 32.3, 0, 0, NULL, 0.0011, NULL, 0.0014, 0.0014, 0.0002, NULL, NULL, NULL, NULL, 0.016, 1, 3),
	(4, 'Aromatisation pour yaourtière arôme vanille', NULL, NULL, 1660, NULL, NULL, 'd', 0.1, NULL, NULL, '0', 5.4, 0.2, 91.1, NULL, NULL, NULL, NULL, NULL, NULL, NULL, NULL, NULL, NULL, NULL, 1, 4),
	(5, 'Levure Déshydratée', NULL, NULL, 1632, NULL, NULL, 'b', 8, NULL, NULL, '0', 50, 0, 0, NULL, NULL, NULL, NULL, NULL, NULL, NULL, NULL, NULL, NULL, NULL, 1, 5),
	(6, 'Levure de bière maltee', NULL, NULL, 1443, NULL, 22.5, 'a', 4.5, NULL, NULL, '0', 47, 0.499999999999999, 0, NULL, NULL, NULL, NULL, NULL, NULL, NULL, NULL, NULL, NULL, NULL, 1, 6),
	(7, 'Agar-agar', NULL, NULL, 823, NULL, NULL, 'c', 0.1, NULL, NULL, '0', 1.1, 0.25, 0.4, NULL, NULL, NULL, NULL, NULL, NULL, NULL, NULL, NULL, NULL, NULL, 1, 7),
	(8, 'Arôme naturel vanille', NULL, NULL, 0, NULL, 0, 'b', 0, NULL, NULL, '0', 0, 0, 0, NULL, NULL, NULL, NULL, NULL, NULL, NULL, NULL, NULL, NULL, NULL, 1, 8),
	(9, 'Nappage rouge aromatisé', NULL, NULL, 1054, NULL, NULL, 'd', 0.5, NULL, NULL, '0', 0.1, 0.2, 36.6, NULL, NULL, NULL, NULL, NULL, NULL, NULL, NULL, NULL, NULL, NULL, 2, 9),
	(10, 'Mon cremfix', NULL, NULL, 1640, NULL, NULL, 'd', 0, NULL, NULL, '0', 0, 1, 50, NULL, NULL, NULL, NULL, NULL, NULL, NULL, NULL, NULL, NULL, NULL, 2, 10),
	(11, 'Préparation pour Crème Dessert Vanille', NULL, NULL, 1577, NULL, NULL, 'd', 0.1, NULL, NULL, '0', 0.1, 0.09, 62, NULL, NULL, NULL, NULL, NULL, NULL, NULL, NULL, NULL, NULL, NULL, 2, 11),
	(12, 'Caramel Sauce', NULL, NULL, 1259, NULL, 0.1, 'd', 1.8, NULL, NULL, '0', 1.6, 0.419999999999999, 52, NULL, NULL, NULL, NULL, NULL, NULL, NULL, NULL, NULL, NULL, NULL, 2, 12),
	(13, 'Agent de Démoulage', NULL, NULL, 3531, NULL, NULL, 'e', 94, NULL, NULL, '0', 1, 1, 1, NULL, NULL, NULL, NULL, NULL, NULL, NULL, NULL, NULL, NULL, NULL, 2, 13),
	(14, 'Perles de vin de Porto', NULL, NULL, 651, NULL, NULL, 'c', 0.3, NULL, NULL, '0', 0.3, 0.02, 29.8, NULL, NULL, NULL, NULL, NULL, NULL, NULL, NULL, NULL, NULL, NULL, 2, 14),
	(15, 'Konjac Cuisine', NULL, NULL, 804, NULL, 87.5, 'a', 0.25, NULL, NULL, '0', 0.75, 0.127, 0, NULL, NULL, NULL, NULL, NULL, NULL, NULL, NULL, NULL, NULL, NULL, 2, 15),
	(16, 'Les marinades du chef Barbecue', NULL, NULL, 2746, NULL, NULL, 'e', 66.6, NULL, NULL, '0', 1.1, 10, 9, NULL, NULL, NULL, NULL, NULL, NULL, NULL, NULL, NULL, NULL, NULL, 2, 16),
	(17, 'Poudre à lever sans phosphate', NULL, NULL, 1201, NULL, NULL, 'a', 13.5, NULL, NULL, '0', 48, 0, 0.01, NULL, NULL, NULL, NULL, NULL, NULL, NULL, NULL, NULL, NULL, NULL, 2, 2),
	(18, 'Crème d orge', NULL, NULL, 1402, NULL, 8.8, 'a', 2.1, NULL, NULL, '0', 11.5, 0.005, 1.2, NULL, NULL, NULL, NULL, NULL, NULL, NULL, NULL, NULL, NULL, NULL, 2, 17),
	(19, 'Préparation pour brioche', NULL, NULL, 1531, NULL, 4.33, 'c', 4.17, NULL, NULL, '0', 14.2, 1.2, 21, NULL, NULL, NULL, NULL, NULL, NULL, NULL, NULL, NULL, NULL, NULL, 2, 18),
	(20, 'Préparation pour Cocktail Piña Colada', NULL, NULL, 498, NULL, NULL, 'c', 4.1, NULL, NULL, '0', 0.7, 0.01, 20, NULL, NULL, NULL, NULL, NULL, NULL, NULL, NULL, NULL, NULL, NULL, 2, 19),
	(21, 'Fixateur pour Crème Chantilly', NULL, NULL, 1523, NULL, NULL, 'c', 0.1, NULL, NULL, '0', 0.4, 0.7, 12.9, NULL, NULL, NULL, NULL, NULL, NULL, NULL, NULL, NULL, NULL, NULL, 2, 20),
	(22, 'Amandin', NULL, 0.124, 1997, 0.0023, 5.1, 'a', 27, NULL, NULL, '0', 19, 0, 2.7, NULL, NULL, NULL, NULL, NULL, NULL, NULL, NULL, NULL, NULL, NULL, 2, 20),
	(23, 'Eclats de sucre tutti frutti', NULL, NULL, 1752, NULL, 0.5, 'd', 3, NULL, NULL, '0', 0.5, 0.02, 95, NULL, NULL, NULL, NULL, NULL, NULL, NULL, NULL, NULL, NULL, NULL, 2, 8),
	(24, 'Crayon Pâtissier Rouge', NULL, NULL, 1234, NULL, 1.2, 'e', 0.5, NULL, NULL, '0', 0.5, 3.3, 50, NULL, NULL, NULL, NULL, NULL, NULL, NULL, NULL, NULL, NULL, NULL, 2, 8),
	(25, 'Crayon pâtissier marron', NULL, NULL, 2288, NULL, 3.6, 'e', 32, NULL, NULL, '1', 4.9, 0.01, 55, NULL, NULL, NULL, NULL, NULL, NULL, NULL, NULL, NULL, NULL, NULL, 2, 8),
	(26, 'Préparation pour nappage', NULL, NULL, 1377, NULL, NULL, 'e', 0, NULL, NULL, '0', 0.4, 2.3, 72.5, NULL, NULL, NULL, NULL, NULL, NULL, NULL, NULL, NULL, NULL, NULL, 2, 21),
	(27, 'Fix neige sachets 3x4g', NULL, NULL, 1657, NULL, NULL, 'd', 0, NULL, NULL, '0', 0, 0.09, 96, NULL, NULL, NULL, NULL, NULL, NULL, NULL, NULL, NULL, NULL, NULL, 2, 21),
	(28, 'Tant Pour Tant', NULL, NULL, 2117, NULL, NULL, 'd', 26, NULL, NULL, '0', 11, 0.02, 50, NULL, NULL, NULL, NULL, NULL, NULL, NULL, NULL, NULL, NULL, NULL, 2, 21),
	(29, 'Chantifix', NULL, NULL, 1586, NULL, NULL, 'd', 0, NULL, NULL, '0', 0.1, 0.37, 62.6, NULL, NULL, NULL, NULL, NULL, NULL, NULL, NULL, NULL, NULL, NULL, 2, 21),
	(30, 'Kit Galette des Rois Pralinée', NULL, NULL, 2205, NULL, NULL, 'd', 29, NULL, NULL, '0', 14.3, 0.16, 49.5, NULL, NULL, NULL, NULL, NULL, NULL, NULL, NULL, NULL, NULL, NULL, 2, 22),
	(31, 'Nappage Chocolat', NULL, NULL, 1125, NULL, NULL, 'd', 1.3, NULL, NULL, '0', 1.7, 0.57, 58.7, NULL, NULL, NULL, NULL, NULL, NULL, NULL, NULL, NULL, NULL, NULL, 2, 22),
	(32, 'Croustillants banane-Good Gout Kidz-110g', NULL, NULL, 1582, NULL, 6.4, 'a', 0.7, NULL, NULL, '0', 7.3, 0.1, 10.5, NULL, NULL, NULL, NULL, NULL, NULL, NULL, NULL, NULL, NULL, NULL, 3, 23),
	(33, 'Germe de Blé', NULL, NULL, 1615, NULL, 12, 'a', 9.6, NULL, NULL, '0', 31, 0.0499999999999999, 13, NULL, NULL, NULL, NULL, NULL, NULL, NULL, NULL, NULL, NULL, NULL, 4, 24),
	(34, 'Germafibre', NULL, NULL, 1297, 0.001, 7.4, 'a', 6.4, NULL, 0.026, '0', 16, 0.02, 16, NULL, 0.00018, NULL, NULL, NULL, 0.00001, NULL, NULL, 0.001, NULL, NULL, 4, 24),
	(35, 'Arachides Sucrées', NULL, NULL, 2226, NULL, NULL, 'e', 28, NULL, NULL, '0', 15, 0, 44, NULL, NULL, NULL, NULL, NULL, NULL, NULL, NULL, NULL, NULL, NULL, 4, 25),
	(36, 'Couscous', NULL, NULL, 1456, NULL, 3, 'a', 2, NULL, NULL, '0', 11, 0, 2.5, NULL, NULL, NULL, NULL, NULL, NULL, NULL, NULL, NULL, NULL, NULL, 4, 26),
	(37, 'Ultra fruit jellies - Cassis Acelora Pomme', NULL, NULL, 1382, NULL, NULL, 'd', 0.5, NULL, NULL, '0', 0.5, 0.09, 63, NULL, 0.00066, NULL, NULL, 0.00084, NULL, 0.048, NULL, NULL, NULL, NULL, 4, 27),
	(38, 'Ultra fruit jellies cassis pomme acérola', NULL, NULL, 1360, NULL, NULL, 'c', 0.5, NULL, NULL, '0', 0.5, 0.09, 63, NULL, NULL, NULL, NULL, NULL, NULL, NULL, NULL, NULL, NULL, NULL, 4, 27),
	(39, 'Ultra Fruit Jellied', NULL, NULL, 1372, NULL, NULL, 'c', 0.4, NULL, NULL, '0', 0.4, 0.09, 64, NULL, NULL, NULL, NULL, NULL, NULL, NULL, NULL, NULL, NULL, NULL, 4, 27),
	(40, 'Ultra fruit jellies pamplemousse citron orange acérola', NULL, NULL, 1389, NULL, NULL, 'c', 0.5, NULL, NULL, '0', 0.5, 0.1, 67, NULL, NULL, NULL, NULL, NULL, NULL, NULL, NULL, NULL, NULL, NULL, 4, 27),
	(41, 'Ultra Fruit Jellies fraise canneberge acérola', NULL, NULL, 1385, NULL, 0, 'c', NULL, NULL, NULL, '0', 0.5, 0.11, 65, NULL, NULL, NULL, NULL, NULL, NULL, NULL, NULL, NULL, NULL, NULL, 4, 27),
	(42, 'Betteraves cube', NULL, NULL, 180, NULL, 2.3, 'a', 0.5, NULL, NULL, '0', 2.3, 0.13, 6.7, NULL, NULL, NULL, NULL, NULL, NULL, NULL, NULL, NULL, NULL, NULL, 4, 28),
	(43, 'Haricot rouge', NULL, NULL, 1243, NULL, 24.9, 'a', 1.2, NULL, NULL, '0', 21, 0.01, 3.5, NULL, NULL, NULL, NULL, NULL, NULL, NULL, NULL, NULL, NULL, NULL, 4, 28),
	(44, 'Double Concentré De Tomates Francaises', NULL, NULL, 397, NULL, 0, 'a', 0.4, NULL, NULL, '0', 4, 0.03, 15, NULL, NULL, NULL, NULL, NULL, NULL, NULL, NULL, NULL, NULL, NULL, 4, 28),
	(45, 'Pâtes de fruits', NULL, NULL, 1445, NULL, 3, 'c', 0.6, NULL, NULL, '0', 0.3, 0.109982, 55.8, NULL, NULL, NULL, NULL, NULL, NULL, NULL, NULL, NULL, NULL, NULL, 4, 28),
	(46, 'Jeunes pousses Maxi Pack', NULL, NULL, 67, NULL, 1.5, 'a', 0.5, NULL, NULL, '0', 1.8, 0.06, 0.5, NULL, NULL, NULL, NULL, NULL, NULL, NULL, NULL, NULL, NULL, NULL, 4, 28),
	(47, 'Soja Cuisine 5%', NULL, NULL, 285, NULL, 0.5, 'a', 5, NULL, NULL, '0', 3.1, 0.04, 1.9, NULL, NULL, NULL, NULL, NULL, NULL, NULL, NULL, NULL, NULL, NULL, 4, 28),
	(48, 'Coulis Tomate de Provence', NULL, NULL, 201, NULL, NULL, 'a', 0.4, NULL, NULL, '0', 1.5, 0.4, 5.3, NULL, NULL, NULL, NULL, NULL, NULL, NULL, NULL, NULL, NULL, NULL, 4, 28),
	(49, 'Mogette de Vendée', NULL, NULL, 1345, NULL, 19, 'a', 1.1, NULL, NULL, '0', 20.6, 0.01, 2.6, NULL, NULL, NULL, NULL, NULL, NULL, NULL, NULL, NULL, NULL, NULL, 4, 28),
	(50, 'Quinoa blond du Pérou', NULL, NULL, 1569, NULL, 10, 'a', 6.6, NULL, NULL, '0', 14, 0.2, 5, NULL, NULL, NULL, NULL, NULL, NULL, NULL, NULL, NULL, NULL, NULL, 4, 28),
	(51, 'Maïs Pop Corn', NULL, NULL, 1435, NULL, 11.2, 'a', 4.2, NULL, NULL, '0', 7.7, 0.1, 0.8, NULL, NULL, NULL, NULL, NULL, NULL, NULL, NULL, NULL, NULL, NULL, 4, 28),
	(52, 'Quinoa bio ', NULL, NULL, 1532, NULL, 7.8, 'a', 5.3, NULL, NULL, '0', 12.5, 0.1, 5.3, NULL, NULL, NULL, NULL, NULL, NULL, NULL, NULL, NULL, NULL, NULL, 4, 29),
	(53, 'Lentille Verte du Puy', NULL, NULL, 1224, NULL, 30.5, 'a', 1.1, NULL, NULL, '0', 25.8, 0, 2, NULL, NULL, NULL, NULL, NULL, NULL, NULL, NULL, NULL, NULL, NULL, 4, 30),
	(54, 'Pralines Rouges', NULL, NULL, 2038, NULL, 4.8, 'e', 20.2, NULL, NULL, '0', 9.6, 0.01, 58.3, NULL, NULL, NULL, NULL, NULL, NULL, NULL, NULL, NULL, NULL, NULL, 4, 31),
	(55, 'Coeur de laitue', NULL, NULL, 50, NULL, 1.2, 'a', 0.1, NULL, NULL, '0', 1.1, 0.05, 0.3, NULL, NULL, NULL, NULL, NULL, NULL, NULL, NULL, NULL, NULL, NULL, 4, 32),
	(56, 'Coulis de Tomate ', NULL, NULL, 217, NULL, 1.4, 'a', 0.1, NULL, NULL, '0', 2.1, 0.6096, 4.1, NULL, NULL, NULL, NULL, NULL, NULL, NULL, NULL, NULL, NULL, NULL, 4, 32),
	(57, 'Pâte brisée', NULL, NULL, 1645, NULL, 1.1, 'd', 21.5, NULL, NULL, '1', 6.2, 0.92, 2.7, NULL, NULL, NULL, NULL, NULL, NULL, NULL, NULL, NULL, NULL, NULL, 4, 32),
	(58, 'Mêlée Gourmande', NULL, NULL, 71, NULL, NULL, 'a', 0.3, NULL, NULL, '0', 1.3, 0.08, 0.7, NULL, NULL, NULL, NULL, NULL, NULL, NULL, NULL, NULL, NULL, NULL, 4, 32),
	(59, 'Pate Sablee Etal.230G Bf,', NULL, NULL, 1803, NULL, 1, 'd', 22, NULL, NULL, '1', 5.3, 0.3, 17.3, NULL, NULL, NULL, NULL, NULL, NULL, NULL, NULL, NULL, NULL, NULL, 4, 32),
	(60, 'Boulgour courgettes cranberries et menthe', NULL, NULL, 657, NULL, 4.6, 'b', 7.8, NULL, NULL, '0', 2.5, 1.2, 9, NULL, NULL, NULL, NULL, NULL, NULL, NULL, NULL, NULL, NULL, NULL, 4, 33),
	(61, 'Boulgour', NULL, NULL, 1439, NULL, 7.4, 'a', 1.9, NULL, NULL, '0', 12, 0.05, 1.1, NULL, NULL, NULL, NULL, NULL, NULL, NULL, NULL, NULL, NULL, NULL, 4, 33),
	(62, 'Lentilles Vertes', NULL, NULL, 406, NULL, 4.4, 'a', 0.7, NULL, NULL, '0', 7.8, 0.4, 1.2, NULL, NULL, NULL, NULL, NULL, NULL, NULL, NULL, NULL, NULL, NULL, 4, 34),
	(63, 'Graines de courge', NULL, NULL, 2339, NULL, 4, 'c', 49, NULL, NULL, '0', 6, 0.05, 1.4, NULL, NULL, NULL, NULL, NULL, NULL, NULL, NULL, NULL, NULL, NULL, 4, 35),
	(64, 'Pois Chiches Bio', NULL, NULL, 1523, NULL, 10, 'a', 6, NULL, NULL, '0', 19, 0.0610000000000001, 11, NULL, NULL, NULL, NULL, NULL, NULL, NULL, NULL, NULL, NULL, NULL, 4, 35),
	(65, 'Quinoa bio', NULL, NULL, 1565, NULL, 7, 'a', 6, NULL, NULL, '0', 13, 0.053, 2, NULL, NULL, NULL, NULL, NULL, NULL, NULL, NULL, NULL, NULL, NULL, 4, 35),
	(66, 'Avoine façon risotto aux légumes', NULL, NULL, 657, NULL, 3.2, 'a', 3.2, NULL, NULL, '0', 4.9, 0.762, 0.1, NULL, NULL, NULL, NULL, NULL, NULL, NULL, NULL, NULL, NULL, NULL, 4, 36),
	(67, 'Soja cuisine fluide Bio', NULL, NULL, 699, NULL, 1.1, 'b', 16, NULL, NULL, '0', 2.7, 0.14, 2, NULL, NULL, NULL, NULL, NULL, NULL, NULL, NULL, NULL, NULL, NULL, 4, 36),
	(68, 'Céréales & Légumes secs - Orge, Épeautre, Pois cassés', NULL, NULL, 1356, NULL, 8.2, 'a', 1.3, NULL, NULL, '0', 14, 0.03, 1.7, NULL, NULL, NULL, NULL, NULL, NULL, NULL, NULL, NULL, NULL, NULL, 4, 36),
	(69, 'Céréales et légumes secs, blé riz et lentilles', NULL, NULL, 1509, NULL, 4.9, 'a', 1.3, NULL, NULL, '0', 11.3, 0, 1, NULL, NULL, NULL, NULL, NULL, NULL, NULL, NULL, NULL, NULL, NULL, 4, 36),
	(70, 'Soja Gratin Bio', NULL, NULL, 414, NULL, 0.7, 'b', 6.5, NULL, NULL, '0', 3.5, 0.5, 1.2, NULL, NULL, NULL, NULL, NULL, NULL, NULL, NULL, NULL, NULL, NULL, 4, 36),
	(71, 'Les Délicieux Palets soja à l\'indienne', NULL, NULL, 615, NULL, 4.6, 'a', 7.2, NULL, NULL, '0', 8.3, 0.9, 0.5, NULL, NULL, NULL, NULL, NULL, NULL, NULL, NULL, NULL, NULL, NULL, 4, 36),
	(72, 'Mes Galettes Nature Bio', NULL, NULL, 1547, NULL, 6.3, 'a', 5.3, NULL, NULL, '0', 11.3, 0.0025, 1.1, NULL, NULL, NULL, NULL, NULL, NULL, NULL, NULL, NULL, NULL, NULL, 4, 36),
	(73, 'Soja Cuisine semi-épais sans gluten', NULL, NULL, 795, NULL, 1.1, 'b', 18, NULL, NULL, '0', 3.5, 0.18, 2.5, NULL, NULL, NULL, NULL, NULL, NULL, NULL, NULL, NULL, NULL, NULL, 4, 36),
	(74, 'Tomates mi-séchées', NULL, NULL, 1387, NULL, NULL, 'b', 31.7, NULL, NULL, '0', 3.1, 0.4, 2.4, NULL, NULL, NULL, NULL, NULL, NULL, NULL, NULL, NULL, NULL, NULL, 4, 37),
	(75, 'Galettes de riz de Camargue Multicéréales', NULL, NULL, 1619, NULL, 1.9, 'a', 1.4, NULL, NULL, '0', 9.2, 0.28, 0.4, NULL, NULL, NULL, NULL, NULL, NULL, NULL, NULL, NULL, NULL, NULL, 4, 38),
	(76, 'Galettes de riz de Camargue sans sel', NULL, NULL, 1642.2, NULL, 3.2, 'a', 2.33, NULL, NULL, '0', 7.33, 0.0127, 0.65, NULL, NULL, NULL, NULL, NULL, NULL, NULL, NULL, NULL, NULL, NULL, 4, 38),
	(77, 'Galettes de riz de Camargue Complet', NULL, NULL, 1619, NULL, 1.8, 'a', 1.3, NULL, NULL, '0', 8.8, 0.36, 0.4, NULL, NULL, NULL, NULL, NULL, NULL, NULL, NULL, NULL, NULL, NULL, 4, 38),
	(78, 'Galette de Riz Sandwich Noisettes Cacao', NULL, NULL, 1937, NULL, 3, 'd', 18.2, NULL, NULL, '1', 6, 0.15, 2.7, NULL, NULL, NULL, NULL, NULL, NULL, NULL, NULL, NULL, NULL, NULL, 4, 39),
	(79, 'Lentille Verte Du Puy AOP', NULL, NULL, 1409, NULL, 11, 'a', 1.7, NULL, NULL, '0', 24, 0.01, 1, NULL, NULL, NULL, NULL, NULL, NULL, NULL, NULL, NULL, NULL, NULL, 4, 39),
	(80, 'Panier forestier', NULL, NULL, 977, NULL, NULL, 'a', 5.8, NULL, NULL, '0', 17, 0.1, 1.4, NULL, NULL, NULL, NULL, NULL, NULL, NULL, NULL, NULL, NULL, NULL, 4, 40),
	(81, 'Salade de Fruits Saison 5 Fruits', NULL, NULL, 250, NULL, 1.1, 'a', 0.2, NULL, NULL, '0', 0.4, 0.005, 12.9, NULL, NULL, NULL, NULL, NULL, NULL, NULL, NULL, NULL, NULL, NULL, 4, 41),
	(82, 'Aiguillettes Citrons Confits', NULL, NULL, 1209, NULL, NULL, 'c', 0, NULL, NULL, '0', 0.23, 0.26, 59.7, NULL, NULL, NULL, NULL, NULL, NULL, NULL, NULL, NULL, NULL, NULL, 4, 42),
	(83, 'Couscous Blé complet', NULL, NULL, 1525, NULL, 6, 'a', 2, NULL, NULL, '0', 13, 0, 3, NULL, NULL, NULL, NULL, NULL, NULL, NULL, NULL, NULL, NULL, NULL, 4, 43),
	(84, 'Pois cassés', NULL, NULL, 1402, NULL, 13, 'a', 1, NULL, NULL, '0', 20, 0.02, 3.9, NULL, NULL, NULL, NULL, NULL, NULL, NULL, NULL, NULL, NULL, NULL, 4, 43),
	(85, 'Pâte feuilletée', NULL, NULL, 1695, NULL, NULL, 'd', 24, NULL, NULL, '1', 5.4, 0.88, 1.5, NULL, NULL, NULL, NULL, NULL, NULL, NULL, NULL, NULL, NULL, NULL, 4, 43),
	(86, 'Couscous Grain Fin', NULL, NULL, 1464, NULL, 3, 'a', 1.5, NULL, NULL, '0', 12, 0.01, 3, NULL, NULL, NULL, NULL, NULL, NULL, NULL, NULL, NULL, NULL, NULL, 4, 43),
	(87, 'Mélange de légumes Carrefour', NULL, NULL, 82, NULL, 1.9, 'a', 0.3, NULL, NULL, '0', 1.5, 0.508, 1.8, NULL, NULL, NULL, NULL, NULL, NULL, NULL, NULL, NULL, NULL, NULL, 4, 43),
	(88, 'Semoule de blé spéciale  Dessert', NULL, NULL, 1526, NULL, 3, 'a', 2, NULL, NULL, '0', 12, 0, 2, NULL, NULL, NULL, NULL, NULL, NULL, NULL, NULL, NULL, NULL, NULL, 4, 43),
	(89, 'Pâtes  de fruits', NULL, NULL, 1416, NULL, 1.2, 'c', 0, NULL, NULL, '0', 0, 0.13, 63, NULL, NULL, NULL, NULL, NULL, NULL, NULL, NULL, NULL, NULL, NULL, 4, 43),
	(90, 'Mâche', NULL, NULL, 8, NULL, NULL, 'a', 0, NULL, NULL, '0', 0, 0.5, 0, NULL, NULL, NULL, NULL, NULL, NULL, NULL, NULL, NULL, NULL, NULL, 4, 43),
	(91, 'Macédoine', NULL, NULL, 159, NULL, 3.4, 'a', 0.5, NULL, NULL, '0', 2.1, 0.7, 1.1, NULL, NULL, NULL, NULL, NULL, NULL, NULL, NULL, NULL, NULL, NULL, 4, 43),
	(92, 'Lingots blancs', NULL, NULL, 1247, NULL, 18, 'a', 1.8, NULL, NULL, '0', 21, 0.05, 2.2, NULL, NULL, NULL, NULL, NULL, NULL, NULL, NULL, NULL, NULL, NULL, 4, 43),
	(93, 'Couscous aux épices', NULL, NULL, 1586, NULL, 5.3, 'c', 3.1, NULL, NULL, '0', 15, 2, 2.6, NULL, NULL, NULL, NULL, NULL, NULL, NULL, NULL, NULL, NULL, NULL, 4, 43),
	(94, 'Lentilles Vertes', NULL, NULL, 1188, NULL, 27, 'a', 0.9, NULL, NULL, '0', 24, 0.04, 0.7, NULL, NULL, NULL, NULL, NULL, NULL, NULL, NULL, NULL, NULL, NULL, 4, 43),
	(95, 'Quinoa', NULL, NULL, 1527, NULL, 7.6, 'a', 6.8, NULL, NULL, '0', 15, 0.001, 4, NULL, NULL, NULL, NULL, NULL, NULL, NULL, NULL, NULL, NULL, NULL, 4, 43),
	(96, 'Marrons glacés', NULL, NULL, 1321, NULL, 3.1, 'c', 0.9, NULL, NULL, '0', 0.9, 0.03, 51, NULL, NULL, NULL, NULL, NULL, NULL, NULL, NULL, NULL, NULL, NULL, 4, 44),
	(97, 'Pate feuilletée', NULL, NULL, 1602, NULL, 2, 'd', 21, NULL, NULL, '1', 5.8, 1.1, 3.3, NULL, NULL, NULL, NULL, NULL, NULL, NULL, NULL, NULL, NULL, NULL, 4, 45),
	(98, 'Marrons glacés au Cognac', NULL, NULL, 1349, NULL, 3, 'd', 0.9, NULL, NULL, '0', 0.9, 0.04, 46, NULL, NULL, NULL, NULL, NULL, NULL, NULL, NULL, NULL, NULL, NULL, 4, 46),
	(99, 'Bouchées panées au blé  a la thaï', NULL, NULL, 884, NULL, 3.4, 'a', 11, NULL, NULL, '0', 11, 0.68, 1.5, NULL, NULL, NULL, NULL, NULL, NULL, NULL, NULL, NULL, NULL, NULL, 4, 47),
	(100, 'Steaks au soja tomate, basilic', NULL, NULL, 685, NULL, 5.2, 'a', 8.8, NULL, NULL, '0', 14, 0.88, 3.9, NULL, NULL, NULL, NULL, NULL, NULL, NULL, NULL, NULL, NULL, NULL, 4, 47),
	(101, 'Mélange Quinoa Courgettes, Carottes', NULL, NULL, 502, NULL, 6.2, 'a', 4, NULL, NULL, '0', 3.5, 0.7, 2, NULL, NULL, NULL, NULL, NULL, NULL, NULL, NULL, NULL, NULL, NULL, 4, 48),
	(102, 'Lentilles corail', NULL, NULL, 1351, NULL, 19, 'a', 3, NULL, NULL, '0', 25, 0.03, 2.2, NULL, NULL, NULL, NULL, NULL, NULL, NULL, NULL, NULL, NULL, NULL, 4, 49),
	(103, 'Lentilles vertes de France', NULL, NULL, 1409, NULL, 11, 'a', 1.7, NULL, NULL, '0', 24, 0.03, 1, NULL, NULL, NULL, NULL, NULL, NULL, NULL, NULL, NULL, NULL, NULL, 4, 50);
/*!40000 ALTER TABLE `produit` ENABLE KEYS */;

/*!40101 SET SQL_MODE=IFNULL(@OLD_SQL_MODE, '') */;
/*!40014 SET FOREIGN_KEY_CHECKS=IFNULL(@OLD_FOREIGN_KEY_CHECKS, 1) */;
/*!40101 SET CHARACTER_SET_CLIENT=@OLD_CHARACTER_SET_CLIENT */;
/*!40111 SET SQL_NOTES=IFNULL(@OLD_SQL_NOTES, 1) */;
